Spanish,Spanish
Chinese (Mandarin),Chinese%20(Mandarin)
Chinese (Cantonese),Chinese%20(Cantonese)
Tagalog,Tagalog
Filipino,Filipino
Vietnamese,Vietnamese
Arabic,Arabic
French,French
Korean,Korean
Russian,Russian
German,German
Haitian Creole,Creole
Hindi,Hindi
Portuguese,Portuguese
Italian,Italian
Polish,Polish
Japanese,Japanese
Farsi,Farsi
Dari,Dari
Tajik,Tajik
Gujarati,Gujarati
Telugu,Telugu
Bengali,Bengali
Thai,Thai
Laotian,Laotian
Urdu,Urdu
Greek,Greek
Punjabi,Punjabi
Tamil,Tamil
Armenian,Armenian
Bosnian,Bosnian
Croatian,Croatian
Serbian,Serbian
Hebrew,Hebrew
Swahili,Swahili
Khmer,Khmer
Navajo,Navajo
Sign Language (American),Sign%20Language%20(American)
Cherokee,Cherokee
Dutch,Dutch
Swedish,Swedish
Finnish,Finnish
Kannada,Kannada
Malayalam,Malayalam
Sinhala,Sinhala
Nepali,Nepali
Marathi,Marathi