Albanian,Albanian
Arabic,Arabic
Armenian,Armenian
Bengali,Bengali
Bosnian,Bosnian
Bulgarian,Bulgarian
Catalan,Catalan
Chaldean,Chaldean
Cherokee,Cherokee
Chinese (Cantonese),Chinese%20(Cantonese)
Chinese (Mandarin),Chinese%20(Mandarin)
Croatian,Croatian
Danish,Danish
Dari,Dari
Dutch,Dutch
Farsi,Farsi
Fijian,Fijian
Filipino,Filipino
Finnish,Finnish
French,French
German,German
Greek,Greek
Gujarati,Gujarati
Haitian Creole,Creole
Hebrew,Hebrew
Hindi,Hindi
Italian,Italian
Japanese,Japanese
Kannada,Kannada
Khmer,Khmer
Korean,Korean
Laotian,Laotian
Macedonian,Macedonian
Malay,Malay
Marathi,Marathi
Navajo,Navajo
Nepali,Nepali
Polish,Polish
Portuguese,Portuguese
Punjabi,Punjabi
Romanian,Romanian
Russian,Russian
Serbian,Serbian
Sign Language (American),Sign%20Language%20(American)
Sinhala,Sinhala
Spanish,Spanish
Swahili,Swahili
Swedish,Swedish
Tagalog,Tagalog
Tajik,Tajik
Tamil,Tamil
Telugu,Telugu
Thai,Thai
Turkish,Turkish
Ukrainian,Ukrainian
Urdu,Urdu
Vietnamese,Vietnamese
